,Unnamed: 0,title,location,house_type,house_code,price,tags,lease,area,orientation,floor,elevator,stall,water,electricity,fuel_gas,heating,facility,description
0,0,整租·东方蓝海中心 4室2厅 南/北,昌平-北七家-东方蓝海中心,4室2厅2卫,BJ1627628373490532352,"7300元/月
            (季付价)","精装,集中供暖,双卫生间",整租,136.00㎡,南 北,中楼层/11层,无,免费使用,民水,民电,有,集中供暖,"空调,热水器,暖气,宽带,天然气",
1,1,整租·高教大楼 1房间 东,昌平-沙河-高教大楼,1房间1卫,BJ1610854999984701440,"2200元/月
            (季付价)","精装,非居住房屋",整租,18.53㎡,东,中楼层/28层,有,租用车位,商水,商电,无,自采暖,"洗衣机,冰箱,热水器",【出租原因】业主不用房子，可以长期出租。业主人也比较好沟通，不用担心搬家问题。【周边配套】小区门口有便利店，小商店，菜店，理发店，有餐馆（沙县小吃/巫山烤鱼等等）。【小区介绍】小区是罗顿物业，24小时有保安值岗，出入需要门禁。对住户的安全负责。
2,2,整租·重聚园 2室1厅 南/北,石景山-鲁谷-重聚园,2室1厅2卫,BJ1608006754870755328,"6800元/月
            (季付价)","精装,集中供暖,双卫生间,随时看房",整租,128.65㎡,南 北,低楼层/16层,有,暂无数据,民水,民电,有,集中供暖,"洗衣机,空调,衣柜,冰箱,热水器,床,暖气,天然气",【交通出行】出门150米是吴庄公交站，有120、76、420等多路公交，距离一号线八宝山站两公里【周边配套】医院：石景山医院，眼科医院，朝阳医院京西分院，清华大学玉泉医院 银行：邮储，工商银行，建设银行，中国银行 购物：永辉购物广场 万达广场 首航超市 物美超市【小区介绍】小区是2003年的商品房，有两个门可以进出车，小区停车位充足，中间有个广场
3,3,整租·翡翠公园三期 3室1厅 南/北,昌平-北七家-翡翠公园三期,3室1厅1卫,BJ1639496771119874048,"5200元/月
            (季付价)",,整租,89.00㎡,南 北,中楼层/30层,无,租用车位,暂无数据,暂无数据,有,自采暖,"洗衣机,空调,衣柜,冰箱,热水器,床,暖气,天然气",
4,4,整租·新华街一里 3室1厅 南,丰台-看丹桥-新华街一里,3室1厅1卫,BJ1631872183565287424,"5000元/月
            (季付价)","近地铁,集中供暖",整租,69.26㎡,南,高楼层/6层,无,暂无数据,民水,民电,有,集中供暖,"空调,衣柜,电视,冰箱,热水器,床,暖气",
5,5,整租·众美城 3室1厅 南/北,大兴-大兴新机场-众美城,3室1厅1卫,BJ1639208889478021120,"3200元/月
            (季付价)","集中供暖,随时看房",整租,93.00㎡,南 北,中楼层/10层,有,租用车位,民水,民电,有,集中供暖,"热水器,床,暖气,天然气",【交通出行】小区北门和西门有公交车站，兴55路直达地铁，距离地铁天宫院站5公里（数据来自百度地图）。【周边配套】小区周边有物美超市，电信营业厅，肯德基，德医口腔，众美公园，庞各庄卫生院等。【小区介绍】众美城小区，是2014年建成的小区，无地上停车位，全都是地下车位，人车分流。
6,6,整租·东亚创展国际 1房间 西,顺义-后沙峪-东亚创展国际,1房间1卫,BJ1633803111757774848,"3200元/月
            (季付价)","精装,集中供暖,随时看房,非居住房屋",整租,38.00㎡,西,中楼层/13层,有,租用车位,商水,商电,无,集中供暖,"洗衣机,空调,衣柜,电视,冰箱,热水器,床,暖气",【交通出行】小区交通便利小区北门出去300米就是机场北线，可以到达京承高速，旁边京密路，机场高速，出行方便。小区东门距离地铁15号线1200米（高德地图可查）【周边配套】东亚创展国际东门一街之隔就是山姆会员店，小区东南方向就是15号线后沙峪站，1000米即到（百度地图可查）。【小区介绍】东亚创展国际是2014年建成社区，小区一共6栋楼，地下地上都有车位，200元/月，车位充足
7,7,整租·佳慧雅园 1室1厅 西,西城-西单-佳慧雅园,1室1厅1卫,BJ1626211578900643840,"13000元/月
            (季付价)","近地铁,精装,集中供暖,随时看房",整租,68.00㎡,西,高楼层/16层,有,暂无数据,民水,民电,有,集中供暖,"洗衣机,空调,衣柜,床,暖气",
8,8,整租·新风街1号院 2室1厅 东南,西城-马甸-新风街1号院,2室1厅1卫,BJ1586347428259299328,"12500元/月
            (季付价)","精装,随时看房",整租,80.00㎡,东南,中楼层/22层,有,暂无数据,民水,民电,有,自采暖,"空调,衣柜,热水器,床,暖气,天然气",
9,9,整租·天安国汇 2室1厅 西南,西城-西单-天安国汇,2室1厅2卫,BJ1582218803821936640,"50000元/月
            (季付价)","近地铁,精装,集中供暖,双卫生间",整租,205.07㎡,西南,中楼层/17层,有,租用车位,民水,民电,无,集中供暖,"洗衣机,空调,衣柜,电视,冰箱,热水器,床,暖气",【房源亮点】房子是精装修拎包入住，和对面的一间房要一起出租不能分开租，适合居住。【交通出行】房子位于西单路口南侧，交通便利，出行方便，距离西单地铁站389米（数据来源于百度地图），公交车有7路，菜市场有和平门菜市场、西绒线菜市场，购物出行方便【周边配套】小区往北是西单购物商圈，君太百货、汉光百货、大悦城各大商场林立；往南是宣武门商圈，有世界性连锁企业沃尔玛超市，还有庄胜sogo等购物商场；往东是国家大剧院，适合年轻人跑步散心，老年人遛弯 儿。
10,10,整租·双合家园 2室1厅 南,朝阳-垡头-双合家园,2室1厅1卫,BJ1626134747795161088,"6000元/月
            (季付价)","近地铁,精装,集中供暖,随时看房",整租,86.18㎡,南,中楼层/20层,有,暂无数据,民水,民电,有,集中供暖,"空调,冰箱",
11,11,整租·农林科学院宿舍 3室2厅 南/北,海淀-四季青-农林科学院宿舍,3室2厅2卫,BJ1635861026924658688,"12500元/月
            (季付价)","近地铁,精装,集中供暖,双卫生间",整租,125.28㎡,南 北,高楼层/6层,无,暂无数据,民水,民电,有,集中供暖,,
12,12,整租·科源小区 2室1厅 南/西/北,海淀-五道口-科源小区,2室1厅1卫,BJ1593172905338863616,"9000元/月
            (季付价)",集中供暖,整租,52.50㎡,南 西 北,中楼层/4层,无,免费使用,民水,民电,有,集中供暖,"洗衣机,空调,衣柜,冰箱,热水器,床,暖气,天然气",
13,13,整租·鲁能钓鱼台美高梅公馆 3室0厅 东/西,丰台-刘家窑-鲁能钓鱼台美高梅公馆,3室0厅1卫,BJ1641696722587484160,"8500元/月
            (季付价)","业主自荐,新上,近地铁,集中供暖",整租,89.00㎡,东 西,中楼层/29层,有,暂无数据,暂无数据,暂无数据,有,集中供暖,"洗衣机,空调,衣柜,冰箱,热水器,床",【交通出行】小区距离宋家庄地铁站600米（数据来源于高德地图），宋家庄地铁站可以换乘五号线、十号线和亦庄线。地铁出行方便。【周边配套】小区北侧底商有超市和洗衣店等基本配套设施，周边大型商超有首开福茂、幸福荣耀超市和京客隆超市，配套齐全，生活方便。【小区介绍】小区一共两栋楼，都是带电梯的高楼层住宅，小区环境挺不错，挺新的。小区民水民电，集中供暖。
14,14,整租·国风长安 2室1厅 南/北,丰台-青塔-国风长安,2室1厅1卫,BJ1620699901623009280,"6500元/月
            (季付价)","精装,集中供暖",整租,90.00㎡,南 北,低楼层/27层,有,租用车位,暂无数据,暂无数据,有,集中供暖,,
15,15,整租·御景春天C区 1室1厅 东,丰台-科技园区-御景春天C区,1室1厅1卫,BJ1610291549285908480,"4500元/月
            (半年付价)","近地铁,精装,集中供暖,随时看房",整租,48.00㎡,东,低楼层/21层,有,暂无数据,民水,民电,有,集中供暖,"洗衣机,空调,衣柜,电视,冰箱,床,暖气,天然气",【装修描述】家具家电齐全，有电梯，低楼层出行方便，适合居住居住舒适，集中供暖【交通出行】地铁有九号线科技园站、郭公庄站，房山线大葆台站，交通出行便利快捷【周边配套】小区西边有永旺梦乐城大型商超，北边是万达广场，御康公园、世界公园
16,16,整租·优筑 1室1厅 北,丰台-玉泉营-优筑,1室1厅1卫,BJ1621027055233662976,"5600元/月
            (季付价)","精装,集中供暖",整租,66.00㎡,北,高楼层/16层,有,暂无数据,民水,民电,有,集中供暖,"洗衣机,空调,衣柜,电视,冰箱,热水器,床,暖气,宽带,天然气",【交通出行】该小区毗临三环万柳桥主路和四环花乡桥，交通便利。邻近地铁10号线丰台站和首经贸站，公交有夏家胡同公交车站。【周边配套】小区附近有北京银行，建设银行等； 丰台第五幼儿园，北方之星艺术幼儿园等； 医疗：北京三环英和医院，天坛医院。【小区介绍】优筑小区是集中供暖的商品房社区，24小时保安看守，人车分流，居住安全，小区一共四栋楼，绿化好，有水质景观，环境优美。
17,17,整租·富力丹麦小镇 5室2厅 东/南/西/北,大兴-大兴新机场-富力丹麦小镇,5室2厅3卫,BJ1643150277215256576,"17000元/月
            (季付价)","新上,精装",整租,460.00㎡,东 南 西 北,低楼层/2层,有,暂无数据,民水,民电,有,自采暖,,
18,18,整租·旭辉一合相 2室1厅 南/北,大兴-瀛海-旭辉一合相,2室1厅1卫,BJ1641402087629651968,"3400元/月
            (季付价)","新上,近地铁,随时看房",整租,88.00㎡,南 北,高楼层/8层,有,暂无数据,暂无数据,暂无数据,有,自采暖,"空调,床,暖气",
19,19,整租·住欣家园 1室1厅 东,朝阳-常营-住欣家园,1室1厅1卫,BJ1628988573824843776,"4700元/月
            (季付价)",近地铁,整租,49.56㎡,东,高楼层/28层,有,暂无数据,民水,民电,有,自采暖,"衣柜,床",
20,20,整租·合生麒麟社 2房间 南,朝阳-望京-合生麒麟社,2房间1卫,BJ1642777363030736896,"10800元/月
            (季付价)","新上,近地铁,精装,集中供暖,随时看房,非居住房屋",整租,88.00㎡,南,高楼层/29层,有,暂无数据,商水,商电,有,集中供暖,,【交通出行】距离地铁14号线阜通站900米（来源于百度地图），距离地铁14/15号线望京站930米（来源于百度地图）【周边配套】购物：物美超市、新世界百货、方恒国际、凯德mall 地铁：距离14号线阜通站900米（此数据来源于高德地图），距离14/15号线望京站930米（此数据来源于高德地图） 银行：中国银行、友利银行、北京银行、中国建设银行、光大银行【小区介绍】距离地铁14号线阜通站900米（来源于百度地图），距离地铁14/15号线望京站930米（来源于百度地图）
21,21,整租·万泉庄小区 3室1厅 东/西,海淀-苏州桥-万泉庄小区,3室1厅1卫,BJ1620259768184602624,"11000元/月
            (季付价)","近地铁,精装,集中供暖,随时看房",整租,79.00㎡,东 西,高楼层/6层,无,暂无数据,民水,民电,有,集中供暖,"洗衣机,空调,衣柜,电视,冰箱,热水器,床,暖气,天然气",【交通出行】地铁：10号线巴沟地铁站，16号线苏州桥地铁站  公交：614路【周边配套】商业：城乡仓储超市，超市发，果多美 银行：建设银行，南京银行，招商银行 医疗：海淀医院，海淀妇幼 公园：巴沟山水园【小区介绍】万泉庄小区位于万柳东路，小区环境优美，不临街安静，管理完善，交通出行方便，配套设施齐全
22,22,整租·华贸公寓 1室0厅 西,朝阳-红庙-华贸公寓,1室0厅1卫,BJ1621741331237830656,"11500元/月
            (季付价)","近地铁,集中供暖,随时看房",整租,66.00㎡,西,中楼层/26层,有,租用车位,民水,民电,有,集中供暖,"洗衣机,空调,衣柜,电视,冰箱,热水器,床,暖气,宽带,天然气","【交通出行】小区门口就是一号线和十四号线大望路站，公交车站分别有 八王坟北站 八王坟西站 ，直通道路有 西大望路 景辉街 建国路 ，京通快速，机场高速，交通出行十分便利。【周边配套】配套成熟的CBD商圈，美菲特健身会所，俏江南，悦唐火锅 ，上海菜，金鼎轩，乐圣KTV，万达影院，成龙耀莱私影，SKP,华贸商业街，新世界购物中心，沃尔玛, 金地广场 ，丽兹卡尔顿酒店，JW万豪，索菲特酒店，银行（交通，建设，招商，农业）【小区介绍】华贸公寓是2005年商品房社区，华贸服务物业，用封闭式管理，人车分流，住宅区和办公区分离，园区内有生活所需的配套，社区环境优雅，罗马式下沉花园，园林采用组团式、分点式绿化，散落在社区每栋楼间，水景点缀，有儿童娱乐区，增加社区的灵动之美。"
23,23,整租·保利中央公园 4室2厅 南/北,朝阳-望京-保利中央公园,4室2厅2卫,BJ1621513393305288704,"25500元/月
            (季付价)","近地铁,精装,集中供暖,双卫生间,随时看房",整租,144.88㎡,南 北,低楼层/25层,有,暂无数据,民水,民电,有,集中供暖,"空调,衣柜,热水器,暖气,宽带,天然气",【户型介绍】此房为南北通透四居，双卧朝南，客厅在中间，动静分离，适合和与父母或者孩子居住，【周边配套】小区周边都是高端写字楼，西边是大望京公园，距离地铁15号线望京东站大月700米左右，小区内部道路直通机场高速，出行非常方便。【小区介绍】京城五环内美式中 央公园社区，CB D，公园与住宅的完 美融合，真正具备国 际级建筑风范。小区是24小时门岗，独梯独户，隐私性，安全性强
24,24,整租·金隅凤麟洲 1室0厅 东,朝阳-朝青-金隅凤麟洲,1室0厅0卫,BJ1621496531322404864,"5200元/月
            (季付价)","精装,集中供暖",整租,38.00㎡,东,中楼层/9层,有,暂无数据,民水,民电,有,集中供暖,"洗衣机,空调,衣柜,电视,冰箱,热水器,床,暖气,宽带,天然气",【交通出行】社区门口有共享单车方便出行，社区距离朝阳站公交站台600米（根据高德地图数据），距离北京朝阳高铁站500米，地铁3号线朝阳站站（在建）800米，交通便捷【周边配套】小区购物方便，姚家园菜市场，活力东方购物广场，华润万象汇新开业，西侧有3万平米的公园，是天然的氧吧，姚家园公园，京城休闲公园 医疗配套全面，姚家园社区卫生服务所，和睦家医院，民航总医院【小区介绍】社区是2008年北京金隅集团开发，物业也是自己配套金海燕物业，少有的低密度矮板楼花园洋房，社区分为东区和西区，东区人车分流、物业管家式服务、人性化管理，园区有24小时保安值勤，社区配套3万平生态公园，是天然氧吧
25,25,整租·富力又一城C区 1室0厅 南,朝阳-豆各庄-富力又一城C区,1室0厅1卫,BJ1621459817765797888,"4250元/月
            (季付价)","近地铁,精装,随时看房",整租,47.00㎡,南,中楼层/21层,有,租用车位,民水,民电,有,自采暖,"洗衣机,空调,衣柜,冰箱,热水器,床,宽带",【交通出行】距小区最近的地铁站是7号线延长线黄厂站，小区出门还有457路公交，348路以及411路公交，小区西边是五环路，北边是京哈高速，出行自驾游很方便。【周边配套】小区南边有马家湾湿地公园，适合散步遛弯及运动，环境清新舒适；附近有北京银行，招商银行，建设银行等，有物美，客隆，华联等超市；有路家小馆、大东北饭店、杨国福麻辣烫、老家肉饼、庆丰包子铺、虾吃虾涮、宽板凳，菜篮子，百果园等，丰富您的生活。【小区介绍】小区占地面积约36公顷，总建筑面积115万平方米，其中住宅面积76万平方米，主要以板楼，塔楼为主，开发商自己的物业，北京恒富物业服务有限公司，小区人车分流，总户数6598户，停车位5612个，社区配套成熟。
26,26,整租·爱这城一期 2室1厅 西/北,朝阳-四惠-爱这城一期,2室1厅1卫,BJ1621482550369189888,"10000元/月
            (季付价)","精装,集中供暖,随时看房",整租,106.00㎡,西 北,低楼层/18层,有,暂无数据,民水,民电,有,集中供暖,"洗衣机,空调,衣柜,冰箱,热水器,床,暖气,天然气",【交通出行】区从北门出就是朝阳路，有十里堡公交车站。从西门出往西南方向走就能到地铁一号线四惠站。开车从东四环进朝阳路往东即到。【周边配套】小区北门就有水果超市，盒马鲜生。附近还有万科时代，苏宁，未来汇，物美超市，生活很方便。【小区介绍】小区是封闭是管理，24小时保安值班，刷卡进门。市政集中供暖，24小时热水
27,27,整租·领地OFFICE 3室1厅 西南,朝阳-北苑-领地OFFICE,3室1厅1卫,BJ1621428535048536064,"18000元/月
            (季付价)","近地铁,精装,集中供暖",整租,141.26㎡,西南,中楼层/17层,有,暂无数据,民水,民电,有,集中供暖,"空调,暖气",【交通出行】小区东侧是北苑路，西侧是安立路，两条主干道开车出行很便利； 出小区向北侧是五号线立水桥南地铁站，更有464、621、751、620等十多路公交车通过；【周边配套】小区1号楼底商有招商银行，药店，便利店，附近还有易事达购物广场，K酷，上品，周边的银行招行，建行，北京农商，浦发，医院有北京航空航天总医院，清华长庚医院。周边配套齐全，满足日常生活需求。【小区介绍】小区由北京城建集团开发，城建弘通物业； 整个小区一共三栋楼，1号楼东西向的板楼三个单元；2号楼南北向的板楼，三个单元；3号楼是塔楼。
28,28,整租·领地OFFICE 3室1厅 东南,朝阳-北苑-领地OFFICE,3室1厅1卫,BJ1621428095737135104,"20000元/月
            (季付价)","近地铁,精装,集中供暖",整租,160.62㎡,东南,中楼层/17层,有,暂无数据,民水,民电,有,集中供暖,"空调,暖气,天然气",【交通出行】小区东侧是北苑路，西侧是安立路，两条主干道开车出行很便利； 出小区向北侧是五号线立水桥南地铁站，更有464、621、751、620等十多路公交车通过；【周边配套】小区1号楼底商有招商银行，药店，便利店，附近还有易事达购物广场，K酷，上品，周边的银行招行，建行，北京农商，浦发，医院有北京航空航天总医院，清华长庚医院。周边配套齐全，满足日常生活需求。【小区介绍】小区由北京城建集团开发，城建弘通物业； 整个小区一共三栋楼，1号楼东西向的板楼三个单元；2号楼南北向的板楼，三个单元；3号楼是塔楼。
29,29,整租·中海城紫鑫阁 2房间 东,朝阳-成寿寺-中海城紫鑫阁,2房间1卫,BJ1621425181291446272,"5800元/月
            (季付价)","近地铁,精装,集中供暖,随时看房,非居住房屋",整租,48.00㎡,东,低楼层/23层,有,暂无数据,民水,民电,有,集中供暖,,【交通出行】交通便利，距离十号线成寿寺地铁站步行距离95米（数据来源高德地图）。步行距离郭家村公交站174米（数据来源高德地图）（郭家村公交站停靠128路、25路、665路、680路、821路、93路、985路、990路、夜23路公交车）【周边配套】中海城小区底商类别齐全有超市、餐饮、美容美发、足疗等。直线距离1000米内有建行、中行、北京农商银行（数据来源高德地图）。直线距离1000米内有北京金桥医院及城外城社区卫生服务站等医疗机构（数据来源高德地图）。【小区介绍】物业是中海物业，小区管理比较好，集中供暖，热水、中水，小区内共3栋楼，周边配套齐全。
30,30,整租·摩码大厦 1室0厅 西,朝阳-团结湖-摩码大厦,1室0厅1卫,BJ1621393356712050688,"7200元/月
            (季付价)","近地铁,精装,集中供暖",整租,51.00㎡,西,中楼层/20层,有,租用车位,民水,民电,无,集中供暖,"空调,热水器,暖气,宽带",【房源亮点】房子可用来居住，可用来办公，一房多用，房子装修很不错，很干净整洁。【户型介绍】房子是朝西的，屋子里面方方正正，10来人办公没有问题，用来做一个小工作室刚刚好。【交通出行】出了摩码大厦，向东走400米（出自百度地图）就是金台路地铁站，交通很方便，周边小吃也很多。
31,31,整租·三里屯SOHO 2室1厅 西北,朝阳-三里屯-三里屯SOHO,2室1厅2卫,BJ1621403388283453440,"25000元/月
            (季付价)","精装,集中供暖,双卫生间,随时看房",整租,155.15㎡,西北,高楼层/23层,有,暂无数据,民水,民电,有,集中供暖,"洗衣机,空调,衣柜,电视,冰箱,床,暖气,天然气",
32,32,整租·优士阁 1室1厅 西,朝阳-劲松-优士阁,1室1厅1卫,BJ1625755741480550400,10000元/月,"精装,集中供暖",整租,70.77㎡,西,中楼层/30层,有,暂无数据,民水,民电,无,集中供暖,空调,
33,33,整租·国美第一城2号院 3室2厅 南/北,朝阳-朝青-国美第一城2号院,3室2厅2卫,BJ1625767909370363904,"12000元/月
            (季付价)","精装,集中供暖,双卫生间",整租,139.00㎡,南 北,低楼层/27层,有,暂无数据,民水,民电,有,集中供暖,"洗衣机,空调,衣柜,电视,冰箱,热水器,床,暖气",【交通出行】小区紧邻地铁6号线青年路地铁站；公交车有499路，494路，468路、运通111路，122路等公交路线，多路公交车通往团结湖，酒仙桥，大望路等，出行十分便捷。【周边配套】小区周边配套设施齐全，有国美餐饮街，网红小吃，还有电影院，KTV等，距离小区最近的是朝阳大悦城和达美商业中心，其次是家乐福，奥特莱斯，娱乐购物方便，可以满足您和您家人的所有生活需求。【小区介绍】小区是06到07年的商品房，分为四期，小区物业是天岳恒物业公司，小区成立了业主委员会，和物业一起努力打造和谐的居住环境，小区属于封闭式小区，出入需要门禁，且人车分流，采暖是地暖。
34,34,整租·小营路5号 3室2厅 东,朝阳-亚运村小营-小营路5号,3室2厅2卫,BJ1625742710440722432,"17000元/月
            (季付价)","精装,集中供暖,双卫生间",整租,157.00㎡,东,低楼层/15层,有,暂无数据,民水,民电,有,集中供暖,"空调,衣柜,热水器,暖气,天然气",【房源亮点】房源是2020年新翻修，现在目前小营路5号唯一房源，里面是中央空调，镶嵌衣柜，现在报价是17000，价钱可以商量，看房提前预约，业主住附近。【交通出行】小区西门出去往北100米就有小营北路公交站，有425路到达南坞方向，569路到达北京会议，596路到达清河方向694到达六圈路西口方向，东门出来100米有育慧西里站，往东方向步行1000米到达15号线关庄站，往西北方向步行1000米到5号线【周边配套】周边配套成熟，生活出行都很便利，小区旁边就有惠邻超市，海纳川超市，幸福超市，旁边各种饭馆和便利店，3公里范围还有大型商场未来广场，华堂商场等，有中国银行 交通银行 北京银行 工商银行等，生活很方便。
35,35,整租·慧谷阳光 1室0厅 北,朝阳-望京-慧谷阳光,1室0厅1卫,BJ1625735540089290752,"7500元/月
            (季付价)","近地铁,精装,集中供暖",整租,52.09㎡,北,高楼层/16层,有,暂无数据,民水,民电,有,集中供暖,"洗衣机,空调,衣柜,电视,冰箱,热水器,床,暖气,天然气",【户型介绍】此房户型是慧谷阳光北向开间，格局方正，没有浪费面积，适合一个人或者情侣居住。【交通出行】小区出西门是公交望京东园站，途径471路和536路，出北门是地铁15号线望京东站，出行方便【小区介绍】慧谷阳光是2004年的板楼有电梯社区，小区共11栋楼，楼栋之间都种植有绿植，适合饭后散步。
36,36,整租·石佛营西里小区 1室1厅 东/西,朝阳-石佛营-石佛营西里小区,1室1厅1卫,BJ1625709840867262464,"4700元/月
            (季付价)","精装,集中供暖,随时看房",整租,47.16㎡,东 西,中楼层/6层,无,暂无数据,民水,民电,有,集中供暖,"洗衣机,空调,衣柜,电视,冰箱,热水器,床,暖气,天然气",
37,37,整租·润枫水尚西区 2室1厅 南/北,朝阳-朝青-润枫水尚西区,2室1厅1卫,BJ1625705069238288384,"8500元/月
            (季付价)","近地铁,精装,集中供暖,随时看房",整租,85.00㎡,南 北,低楼层/15层,有,暂无数据,民水,民电,有,集中供暖,"洗衣机,空调,衣柜,电视,冰箱,热水器,床,暖气,宽带,天然气",
38,38,整租·新纪家园 1室1厅 东,朝阳-太阳宫-新纪家园,1室1厅1卫,BJ1625733575020118016,"8800元/月
            (季付价)","精装,集中供暖",整租,65.00㎡,东,中楼层/24层,有,暂无数据,民水,民电,有,集中供暖,"洗衣机,空调,衣柜,电视,冰箱,热水器,床,暖气,天然气",【交通出行】本房所在小区 交通出行便利，出小区 步行249米（来源于百度地图）即是太阳宫 地铁站；出小区步行232米（来源于百度地图）即是夏家园公交车站【周边配套】本房小区所在位置配套齐全，附近有 凯德Mall、爱琴海、比如 世界、凤凰汇等购物娱乐场所。医院有中日友好医院、望京医院、煤炭医院等。银行有广发银行、北京银行、工商银行、中信银行等。仅 需步行4 14米（数据来自于高德地图）就是太阳宫公园【小区介绍】本房所在小区是2002年建成，小区属于半封闭式 小区，人车不分流，保安 24小时站岗，小区内有许多 便民设施
39,39,整租·复地国际公寓 1房间 东,朝阳-东大桥-复地国际公寓,1房间1卫,BJ1625722406897188864,"6400元/月
            (季付价)","精装,集中供暖,非居住房屋",整租,48.50㎡,东,中楼层/23层,有,租用车位,商水,商电,无,集中供暖,"衣柜,床,暖气",
40,40,整租·乐成国际 2室1厅 南,朝阳-双井-乐成国际,2室1厅1卫,BJ1625722061324288000,"14500元/月
            (季付价)","近地铁,精装,集中供暖",整租,108.00㎡,南,高楼层/16层,有,租用车位,民水,民电,有,集中供暖,"洗衣机,空调,衣柜,电视,冰箱,床,暖气,天然气",
41,41,整租·松榆西里 2室1厅 南/北,朝阳-潘家园-松榆西里,2室1厅1卫,BJ1625718224064610304,"6400元/月
            (季付价)","近地铁,集中供暖",整租,62.46㎡,南 北,中楼层/6层,无,暂无数据,民水,民电,有,集中供暖,"洗衣机,空调,衣柜,电视,冰箱,热水器,床",
42,42,整租·地杰长安驿 1室0厅 西,朝阳-建国门外-地杰长安驿,1室0厅1卫,BJ1625510730914594816,"7000元/月
            (季付价)","近地铁,精装,集中供暖",整租,43.76㎡,西,中楼层/30层,有,租用车位,民水,民电,无,集中供暖,"洗衣机,空调,衣柜,电视,冰箱,床,暖气,宽带",【交通出行】距离地铁1号线永安里站620米，可换乘2号线等；距离日坛路公交站400米，此车站有1号路、9号路、43路、58路、120路等公交（数据均来自高德地图).【周边配套】周边购物：秀水街，世贸天阶，悠唐购物中心，贵友大厦，蓝岛大厦。日坛公园，庆丰公园，CBD城市森林公园都在步行范围内。中国银行、光大银行。周边酒店，万豪，长富宫，宜必思，亚朵等【小区介绍】封闭式小区，地杰物业，管理好，04年拿地，09年建成，70年产权商品房。小区内有喷泉广场，下沉广场，配有健身器材的小花园。民水民电，集中供暖，小区共2栋住宅楼，地下两层停车位。位置好，楼龄新，交通方便。
43,43,整租·10AM新坐标 1室0厅 西,朝阳-方庄-10AM新坐标,1室0厅1卫,BJ1625491638878994432,"4500元/月
            (季付价)","近地铁,精装,集中供暖",整租,27.71㎡,西,中楼层/29层,有,暂无数据,民水,民电,有,集中供暖,"洗衣机,空调,衣柜,电视,冰箱,热水器,床,暖气,宽带",【交通出行】地铁：14号线方庄站464米左右，上接5号线蒲黄榆站，下连10号线十里河站，去东单和国贸都比较方便。（距离来自高德地图 ） 公交：左安门外公交站500米左右，有122路，51路，684路，特12内环，特12外环等。（距离来自高德地图）【周边配套】超市：京东便利店，物美超市，家乐福超市。 公园：龙潭湖公园，方庄体育公园。 商场：新业广场和新城广场。【小区介绍】新坐标小区建于2005年，相比于周边小区，房龄较年轻。小区以小户型为主，面积从27平得星河开间到112平的上下两层复式
44,44,整租·砖角楼南里 2室1厅 南/北,朝阳-和平里-砖角楼南里,2室1厅1卫,BJ1625482487129964544,"7100元/月
            (季付价)","精装,集中供暖",整租,50.40㎡,南 北,中楼层/16层,有,暂无数据,民水,民电,有,集中供暖,"衣柜,床,暖气,宽带,天然气",【装修描述】业主自住装修，闲置出租，房子干净整洁 ，居住温馨舒适【交通出行】距地铁13号线柳芳站388m，5号线2号线雍和宫站1.4km（数据来源百度地图），距116路，123路，130路公交站东土城路站31m（数据来源百度地图）【周边配套】小区靠近地坛公园，周边医院有和平里医院、玛丽妇婴医院。商场有美廉美超市、燕丰商场和天丰利商场。银行有光大银行、工商银行、交通银行和农业银行
45,45,整租·山水文园二期 4室2厅 南/北,朝阳-华威桥-山水文园二期,4室2厅3卫,BJ1625482038771449856,"28000元/月
            (半年付价)","近地铁,精装,集中供暖",整租,223.00㎡,南 北,高楼层/9层,有,租用车位,民水,民电,有,集中供暖,"洗衣机,空调,衣柜,电视,冰箱,热水器,床,暖气,天然气",【交通出行】小区位于东三与东四环之间 ，出门小区北门向西直行就是东三环，交通便捷。地铁站为10号线 与14号线交汇处的十里河站，距离国贸地铁站只有三站，出行方便。【周边配套】餐厅：106餐厅、玉林烤鸭店、呷哺、云南菜。 超市：双龙超市、永辉超市。 购物中心：燕莎奥特莱斯购物中心、合生汇、红星美凯龙等。 医疗配套：双龙医院、肿瘤医院 、垂杨柳医院 ，朝阳中西结合医院，朝阳区 休闲娱乐配套：欢乐谷。【小区介绍】山水文园在东南三环至四环之间，1.36的低容积率，本房是小高层塔楼，一梯两户，园林景观设计，绿化高达68%。小区封闭式管理，进出园区和单元门都需要刷卡，24小时保安物业和热水，人车分流的高品质社区。
46,46,整租·安贞西里 2室1厅 南/北,朝阳-安贞-安贞西里,2室1厅1卫,BJ1625492855176822784,"7500元/月
            (季付价)","近地铁,集中供暖",整租,58.00㎡,南 北,低楼层/6层,无,暂无数据,民水,民电,有,集中供暖,"洗衣机,空调,衣柜,冰箱,热水器,床,暖气,天然气",【交通出行】安贞西里小区，成熟的老公房小区，小区南边就是三环，北边是北土城地铁站（地铁十号线和八号线的交汇点），小区中间是安华桥地铁站（地铁八号线），南边三环有多路公交带您去往北京的各大商圈，位置便利，交通方便！【周边配套】安贞西里是成熟的老公房小区，小区配套设施齐全，有元大都遗址公园，您可以遛弯散步，地铁，银行，安贞医院（三甲医院，主治心脑血管疾病），安贞华联超市，您可以逛街购物【小区介绍】安贞西里小区配套齐全，公园有元大都遗址公园，社区公园，您可以遛弯散步，地铁有地铁8号线和地铁10号线，银行有工商银行等，医院有安贞医院（三甲医院，主治心脑血管疾病），超市有安贞华联超市，满足您的日常生活所需
47,47,整租·东洲家园 2室1厅 南,朝阳-望京-东洲家园,2室1厅1卫,BJ1625477199479963648,"7000元/月
            (季付价)","精装,集中供暖",整租,85.00㎡,南,中楼层/19层,有,暂无数据,暂无数据,暂无数据,有,集中供暖,"洗衣机,空调,衣柜,电视,冰箱,热水器,床,暖气,宽带,天然气",【交通出行】东洲家园该小区交通出行方便，北门靠近奶西村站、东洲家园公交站有两辆车交替，分别是855和939，地铁14号线来广营地铁站。【周边配套】小区旁边有两个公园，一个朝来公园，里面有篮球场，乒乓球场，跑到，，，，另外一个是首都超大的温榆河湿地公园，网红打卡地，各种小吃，各种游乐场，，，是周末亲自活动选择。。。【小区介绍】东洲家园2017年建成， 正规两居室，该小区属于封闭式小区，小区保安每天24小时值班，管理严格，小区环境优美。。
48,48,整租·铂宫国际中心 4室1厅 南/西南,朝阳-东大桥-铂宫国际中心,4室1厅2卫,BJ1625418739161759744,"42000元/月
            (季付价)","精装,集中供暖,双卫生间",整租,324.00㎡,南 西南,低楼层/15层,有,租用车位,民水,民电,有,集中供暖,,【装修描述】装修是精装，之前是租办公室，朝向南/西南，装修有两年以上，没有什么味道【交通出行】公交：118路、120路、403路、43路、673路 　　地铁：2号线、10号线、6号线【周边配套】商场：蓝岛超市、美家美户家居用品超市、旺市百利超市 医院：东大肛肠医院、首都医科大学中医药学院教学医院、首都医科大学附属北京朝阳医院
49,49,整租·工体西里 2室1厅 南,朝阳-工体-工体西里,2室1厅1卫,BJ1625418208804601856,"8000元/月
            (季付价)","近地铁,精装,集中供暖",整租,47.00㎡,南,高楼层/24层,有,暂无数据,民水,民电,有,集中供暖,"洗衣机,空调,衣柜,电视,冰箱,热水器,床,暖气,天然气",
50,50,整租·常楹公元自由派 1房间 北,朝阳-常营-常楹公元自由派,1房间1卫,BJ1625392078080966656,"6000元/月
            (季付价)","近地铁,精装,集中供暖,非居住房屋",整租,57.00㎡,北,中楼层/23层,有,暂无数据,商水,商电,无,集中供暖,"洗衣机,空调,衣柜,电视,冰箱,热水器,床,暖气",
51,51,整租·裘马都 4室2厅 东/南/北,朝阳-三元桥-裘马都,4室2厅3卫,BJ1625398888871493632,"35000元/月
            (季付价)","近地铁,集中供暖,随时看房",整租,222.00㎡,东 南 北,中楼层/24层,有,暂无数据,民水,民电,有,集中供暖,,【户型介绍】裘马都 高层 南北东三面采光，落地窗设计，四室四卫，有保姆间【周边配套】近地铁10号线，周边有八大公园：太阳宫公园，彩蝶公园，太阳宫体育公园，玫瑰里公园，安馨花园。交通便利：机场快轨，麦德龙超市，比如世界，电影院，凤凰汇购物广场，凯德茂商城，培基幼儿园，春宇幼儿园等。【小区介绍】裘马都小区是华远地产拿地开发，2008年6月份交的房子，小区总共10栋楼，1栋楼是商业，9栋楼是住宅。小户型总共288户，集中在1号楼和2号楼。332户的大户型，主要以3+1的4居室和4+1的5居室为主，物业费5.46/平方米。
52,52,整租·观景园 2室1厅 南/北,海淀-清河-观景园,2室1厅1卫,BJ1620025390250590208,"8200元/月
            (季付价)","精装,集中供暖",整租,91.44㎡,南 北,低楼层/6层,无,暂无数据,民水,民电,有,集中供暖,"洗衣机,空调,衣柜,电视,冰箱,热水器,床,暖气,天然气",【户型介绍】房子户型方正，采光好，客厅和主卧室朝南，主卧带落地阳台，卫生间宽敞明亮带阳台，适合居住。【交通出行】小区西门直通黑泉路，北至西三旗东至天通苑，立水桥，东至上地，西二旗，南至林萃桥可以直接上五环，交通便捷，公交车305.476.490.379.81路.专44.520等，地铁八号线得林萃桥和永泰庄地铁站。【小区介绍】小区是2009年由首开天鸿集团建设开发，2009年入住的封闭式社区，小区主打6层低密度板楼，小区环境优美，绿化面积大，楼间距大，居住舒适。
53,53,整租·莱圳家园 3室1厅 东/南/北,海淀-清河-莱圳家园,3室1厅1卫,BJ1620020953150914560,"9800元/月
            (季付价)","近地铁,精装,集中供暖,随时看房",整租,103.18㎡,东 南 北,高楼层/13层,有,暂无数据,民水,民电,有,集中供暖,"洗衣机,空调,衣柜,电视,冰箱,热水器,床,暖气,天然气","【房源亮点】房子是莱圳家园三居室，房子维护的好，带电梯，距离八号线西小口地铁站600米（数据来源于百度地图）,生活方便，小区环境好，居住舒适。【交通出行】小区出门600米就是八号线西小口地铁站（此数据来源于百度地图），有专79路公交车，小营桥北公交站，乘坐地铁公交便利。【周边配套】公园有西小口公园，奥林匹克森林公园北园，东升文体公园，医院有东升卫生服务站，人民医院，京北医院。购物有小营悦茂，五彩城。超市有盒马生鲜、社区超市，物美超市，配套齐全。"
54,54,整租·五月华庭 2房间 南,海淀-小西天-五月华庭,2房间1卫,BJ1634826281352691712,"5000元/月
            (季付价)","近地铁,非居住房屋",整租,34.79㎡,南,低楼层/12层,有,暂无数据,商水,商电,无,自采暖,"洗衣机,空调,衣柜,冰箱,热水器,床",
55,55,整租·大河庄苑 1室0厅 西,海淀-苏州桥-大河庄苑,1室0厅1卫,BJ1634801811804127232,"7500元/月
            (季付价)","精装,集中供暖,随时看房",整租,57.66㎡,西,低楼层/18层,有,租用车位,民水,民电,有,集中供暖,"洗衣机,空调,衣柜,电视,冰箱,床,暖气",【交通出行】小区距离地铁10号线苏州街地铁站950米，距离16号线万泉河桥站900米，附近有北京地震局、万泉河桥南公交站；公交线：118、114、563、610；【周边配套】小区周围超市：711便利店；商场：新中关购物中心、领展；特色饭店：白家大院、沙县小吃；大型公司：微软、新东方；公园：海淀公园；银行：建设银行、农业银行、北京银行；医院：海淀医院，综合三甲医院。【小区介绍】大河庄苑是2004年小区，24小时物业管理。小区人车分流，前后花园，每栋楼前后都有花园绿地。内部有健身设施、有供休息的亭子和椅子。
56,56,整租·翠微中里 3室1厅 西/北,海淀-公主坟-翠微中里,3室1厅1卫,BJ1634811392307494912,"12000元/月
            (季付价)","精装,集中供暖",整租,79.00㎡,西 北,中楼层/21层,有,暂无数据,民水,民电,有,集中供暖,"洗衣机,空调,衣柜,电视,冰箱,热水器,床,暖气,天然气",
57,57,整租·厂洼小区 2室1厅 南/北,海淀-厂洼-厂洼小区,2室1厅1卫,BJ1634788856383406080,"7900元/月
            (季付价)","精装,集中供暖",整租,50.00㎡,南 北,低楼层/6层,无,暂无数据,民水,民电,有,集中供暖,"洗衣机,空调,衣柜,冰箱,热水器,床,暖气,天然气",
58,58,整租·大泥湾 2室1厅 南/北,海淀-中关村-大泥湾,2室1厅1卫,BJ1634777238660448256,"10000元/月
            (季付价)","近地铁,精装,集中供暖",整租,57.00㎡,南 北,高楼层/6层,无,暂无数据,民水,民电,有,集中供暖,"洗衣机,空调,衣柜,电视,冰箱,热水器,床,暖气,天然气",
59,59,整租·翠微南里 1室1厅 南,海淀-公主坟-翠微南里,1室1厅1卫,BJ1634548385702739968,"5500元/月
            (季付价)","近地铁,集中供暖,随时看房",整租,45.00㎡,南,高楼层/18层,有,暂无数据,民水,民电,有,集中供暖,"洗衣机,空调,衣柜,冰箱,热水器,床,暖气,天然气",
60,60,整租·金隅瑞和园 3室1厅 南/北,海淀-玉泉路-金隅瑞和园,3室1厅1卫,BJ1634594242112258048,"9900元/月
            (季付价)",精装,整租,97.00㎡,南 北,高楼层/16层,有,暂无数据,暂无数据,暂无数据,有,自采暖,"衣柜,床,暖气,天然气",
61,61,整租·正源尚峰尚水 4室2厅 南/北,海淀-海淀北部新区-正源尚峰尚水,4室2厅2卫,BJ1634566144025165824,"15500元/月
            (季付价)","精装,双卫生间",整租,179.00㎡,南 北,低楼层/8层,有,租用车位,民水,民电,有,自采暖,,
62,62,整租·中关村公馆 3房间 西南,海淀-苏州桥-中关村公馆,3房间1卫,BJ1634734836176388096,"14000元/月
            (季付价)","近地铁,精装,集中供暖,非居住房屋",整租,85.00㎡,西南,低楼层/15层,有,暂无数据,商水,商电,有,集中供暖,"空调,暖气,天然气",
63,63,整租·志新村 1室1厅 南,海淀-二里庄-志新村,1室1厅1卫,BJ1634532785563631616,"6600元/月
            (季付价)","精装,集中供暖",整租,42.40㎡,南,低楼层/6层,无,暂无数据,民水,民电,有,集中供暖,,
64,64,整租·东南小区 2室1厅 南/北,海淀-中关村-东南小区,2室1厅1卫,BJ1634534701907574784,"9078元/月
            (季付价)","近地铁,精装,集中供暖,随时看房",整租,61.00㎡,南 北,低楼层/6层,无,暂无数据,民水,民电,有,集中供暖,"洗衣机,空调,衣柜,冰箱,热水器,床,暖气,宽带",【房源亮点】房子家具家电齐全，采光充分，拎包入住，二层出行方便，南北通透。【户型介绍】房屋户型方正，南北通透，主卧带阳台，中间带个小的储藏间，明厨明卫。【装修描述】房屋精装修，干净整洁。
65,65,整租·定慧福里南区 2室1厅 南,海淀-定慧寺-定慧福里南区,2室1厅1卫,BJ1634508222662443008,"11000元/月
            (季付价)","近地铁,精装,集中供暖",整租,88.50㎡,南,低楼层/12层,有,租用车位,民水,民电,有,集中供暖,"洗衣机,空调,衣柜,电视,冰箱,热水器,床,暖气,天然气",
66,66,整租·成府路20号院 2室1厅 南/北,海淀-五道口-成府路20号院,2室1厅1卫,BJ1634504674264481792,"7800元/月
            (季付价)","近地铁,集中供暖",整租,57.00㎡,南 北,低楼层/6层,无,租用车位,民水,民电,有,集中供暖,"洗衣机,空调,衣柜,电视,冰箱,热水器,床,暖气,宽带,天然气",
67,67,整租·当代城市家园 2室2厅 南/北,海淀-上地-当代城市家园,2室2厅1卫,BJ1634499157056028672,"8800元/月
            (季付价)","近地铁,精装",整租,99.00㎡,南 北,中楼层/11层,有,暂无数据,民水,民电,有,自采暖,"洗衣机,空调,衣柜,冰箱,热水器,床,暖气,宽带,天然气",【户型介绍】房子是朝南北向的，带落地大阳台，晾晒物品方便，整体厨房，整体卫浴。【交通出行】小区门口有公交车站，去往上地、西二旗、软件园方便，13号线城铁清河站。【小区介绍】小区整体素质高，纯商品房社区，居住气氛好，老人和小孩比较多。
68,68,整租·中湾国际 1室1厅 西北,海淀-苏州桥-中湾国际,1室1厅1卫,BJ1634502516261519360,"7200元/月
            (季付价)","近地铁,精装,集中供暖",整租,58.00㎡,西北,高楼层/19层,有,租用车位,民水,民电,无,集中供暖,"洗衣机,空调,衣柜,冰箱,热水器,床,暖气",【交通出行】小区距离地铁10号线苏州街地铁站700米，距离16号线万泉河桥站1000米，4号线中关村地铁站1100米（高德地图显示）；附近有北京地震局、万泉河桥南公交站；公交线：118、114、563、610；距离在300到500米之间【周边配套】小区周围超市：超市发、711便利店；商场：新中关购物中心、欧美汇；特色饭店：白家大院、沙县小吃；大型公司：微软、新东方；公园：海淀公园；银行：建设银行、农业银行、北京银行；医院：海淀医院，综合三甲医院。【小区介绍】中湾国际是2005年的小区，欣洁物业，24小时门卫值守，地下固定停车场，小区有24小时直供热水。
69,69,整租·如园 4室2厅 南/北,海淀-西北旺-如园,4室2厅2卫,BJ1634523170327232512,"30000元/月
            (季付价)","近地铁,精装,集中供暖,双卫生间,随时看房",整租,215.00㎡,南 北,高楼层/10层,有,暂无数据,民水,民电,有,集中供暖,,【交通出行】距离地铁Ｍ１６号线西北旺站６２１米（来源百度地图）小区西侧公交站：３３３，４３８，１２３【出租原因】此房业主不住，可以长期出租，稳定长租，希望稳定的客户居住，省心。【小区介绍】小区环境很好，中式园林，远山近景，居住舒适，万科物业，品质保证。
70,70,整租·青云北区 2室1厅 南/北,海淀-双榆树-青云北区,2室1厅1卫,BJ1636583906897559552,"9400元/月
            (季付价)","近地铁,精装,集中供暖",整租,58.70㎡,南 北,高楼层/6层,无,免费使用,民水,民电,有,集中供暖,"洗衣机,空调,衣柜,电视,冰箱,热水器,床,暖气,宽带,天然气",
71,71,整租·中关园 1室1厅 南,海淀-五道口-中关园,1室1厅1卫,BJ1636576304901914624,"7600元/月
            (季付价)","集中供暖,随时看房",整租,41.00㎡,南,中楼层/6层,无,免费使用,民水,民电,有,集中供暖,"洗衣机,空调,衣柜,电视,冰箱,热水器,床,暖气,天然气",
72,72,整租·西山国际城 4房间 南/北,海淀-田村-西山国际城,4房间2卫,BJ1636372292910972928,"9800元/月
            (季付价)","近地铁,精装,集中供暖,双卫生间,随时看房,非居住房屋",整租,60.00㎡,南 北,高楼层/6层,有,暂无数据,民水,商电,有,集中供暖,"洗衣机,空调,衣柜,电视,冰箱,热水器,床,暖气,宽带,天然气",
73,73,整租·五棵松26号院 2室2厅 南/北,海淀-四季青-五棵松26号院,2室2厅1卫,BJ1636344273060233216,"7300元/月
            (季付价)","精装,集中供暖,随时看房",整租,77.19㎡,南 北,低楼层/9层,有,暂无数据,民水,民电,有,集中供暖,"洗衣机,空调,衣柜,电视,冰箱,热水器,床,暖气,宽带",【房源亮点】精装南北两居室，两卧室客厅全朝南，采光通风很好 ，可以稳定长租两年，价格不变。【交通出行】小区地处西四环北路，驾车出行可直接上四环，出行方便。出小区西门西行60米处为营慧寺公交站，距离6号线海淀五路居地铁站420米，交通出行方便，（以上数据来源于高德地图）【周边配套】从小区门口坐一站公交车就可以到金四季购物商场（四季青桥南公交站），生活购物方便。
74,74,整租·双榆树东里 2室1厅 南/西,海淀-双榆树-双榆树东里,2室1厅1卫,BJ1636328208074801152,"8800元/月
            (季付价)","近地铁,集中供暖",整租,60.00㎡,南 西,高楼层/16层,有,暂无数据,民水,民电,有,集中供暖,"衣柜,床,暖气,宽带,天然气",
75,75,整租·普惠南里 2室1厅 西南,海淀-公主坟-普惠南里,2室1厅1卫,BJ1636259663093694464,"8000元/月
            (季付价)","近地铁,精装,集中供暖",整租,75.60㎡,西南,低楼层/20层,有,暂无数据,民水,民电,有,集中供暖,"洗衣机,空调,衣柜,电视,冰箱,热水器,床,暖气,宽带,天然气",【交通出行】交通便利，出小区西行就是公交站牌，414，78等车次，出行便利，地铁也方便，步行到公主坟地铁站821米【周边配套】小区北门有小天鹅公园，在东边有玉渊潭公园，有水利医院，空军总医院，印象城，华联超市等，生活方便。【小区介绍】小区是一个成熟的小区，居住人群素质高，房子所在楼栋物业管理好，楼道干净整洁
76,76,整租·京泉馨苑 2室1厅 南/西/北,海淀-西山-京泉馨苑,2室1厅1卫,BJ1636275991363977216,"6500元/月
            (季付价)",集中供暖,整租,89.00㎡,南 西 北,中楼层/5层,无,暂无数据,民水,民电,有,集中供暖,"洗衣机,空调,衣柜,电视,冰箱,热水器,床,暖气,宽带,天然气",
77,77,整租·农科院 2室1厅 南,海淀-皂君庙-农科院,2室1厅1卫,BJ1636277807728295936,"9200元/月
            (季付价)","近地铁,精装,集中供暖",整租,54.40㎡,南,中楼层/5层,无,租用车位,民水,民电,有,集中供暖,"洗衣机,空调,衣柜,电视,冰箱,热水器,床,暖气",
78,78,整租·西山国际城 2房间 东,海淀-田村-西山国际城,2房间1卫,BJ1636284950074359808,"5500元/月
            (季付价)","近地铁,精装,集中供暖,非居住房屋",整租,31.00㎡,东,高楼层/6层,有,暂无数据,民水,商电,有,集中供暖,"洗衣机,空调,衣柜,电视,冰箱,热水器,床,暖气,宽带,天然气",
79,79,整租·八宝庄 1室1厅 南,海淀-定慧寺-八宝庄,1室1厅1卫,BJ1636242899433684992,"5500元/月
            (季付价)","近地铁,精装,集中供暖",整租,45.00㎡,南,高楼层/6层,无,暂无数据,民水,民电,有,集中供暖,"洗衣机,空调,衣柜,电视,冰箱,热水器,床,暖气,天然气",
80,80,整租·万泉新新家园 1室1厅 东,海淀-万柳-万泉新新家园,1室1厅1卫,BJ1636238650092027904,"8000元/月
            (季付价)","近地铁,精装,集中供暖,随时看房",整租,58.30㎡,东,中楼层/10层,有,暂无数据,商水,商电,有,集中供暖,"洗衣机,衣柜,电视,冰箱,热水器,床,暖气,宽带",
81,81,整租·管庄西里 2室1厅 南/北,朝阳-管庄-管庄西里,2室1厅1卫,BJ1640545983173492736,"4900元/月
            (季付价)","精装,集中供暖",整租,55.15㎡,南 北,低楼层/6层,无,暂无数据,民水,民电,有,集中供暖,"洗衣机,空调,衣柜,电视,冰箱,热水器,床,暖气,天然气","【交通出行】地铁出行的话可以坐六号线常营和黄渠站，南边有八通线，可以做管庄和双桥站，小区出行公交有公交站管庄路口北站583.364，532等，去国贸，农业展览馆，红庙都十分方便。【周边配套】小区是成熟小区，周边配套：东苇路菜市场，京客隆超市，东里社区医 院，美真幼儿园，朝阳实验，中国工商银行，服装城，长楹龙湖天街，好嫂子，德丰轩等。小区周边有工行，农行，邮政，建行,周边有多个太型超市.京客隆，物美超市，幸福超市【小区介绍】管庄西里是一个成熟的小区，配套完善，门前是管庄路，服装、娱乐、餐饮都有，人 流量大，繁华，小区板楼居多，楼间距大，采光极好"
82,82,整租·双合家园 2室2厅 南/北,朝阳-垡头-双合家园,2室2厅1卫,BJ1640709316795170816,"6000元/月
            (季付价)","业主自荐,新上,近地铁,精装,集中供暖,随时看房",整租,88.90㎡,南 北,高楼层/22层,有,暂无数据,暂无数据,暂无数据,有,集中供暖,"空调,衣柜,电视,冰箱,热水器,床,暖气,天然气",
83,83,整租·呼家楼北街 1室1厅 南/北,朝阳-红庙-呼家楼北街,1室1厅1卫,BJ1611735219348439040,"6900元/月
            (季付价)","近地铁,精装,集中供暖,随时看房",整租,51.79㎡,南 北,中楼层/16层,有,暂无数据,民水,民电,有,集中供暖,"洗衣机,空调,衣柜,电视,冰箱,热水器,床,暖气,天然气",【装修描述】房子干净整洁，装修挺不错的，家具家电齐全，视野开阔，楼层好，视野好。【交通出行】附近还有多趟公交车呼家楼北/呼家楼东/小庄路口南公交站点，楼下就是6-10号线换乘站呼家楼地铁站，出行十分便利。【周边配套】周边最近得是好世界和京客隆超市，周边最近还有呼家楼社区医院和光华医院，三甲级别朝阳医院；东面是人民日报社，西面是三里屯，朝阳医院，南面是中央电视台和中国尊，北面是团结湖公园，朝阳公园，红领巾公园
84,84,整租·林奥嘉园 2室2厅 南/北,朝阳-奥林匹克公园-林奥嘉园,2室2厅2卫,BJ1630522029717323776,"14000元/月
            (季付价)","近地铁,精装,集中供暖,双卫生间",整租,131.14㎡,南 北,高楼层/27层,有,暂无数据,暂无数据,暂无数据,有,集中供暖,,【交通出行】小区西门是清林东路，有专120公交线站点，两站地到北苑路北地铁站。东门是安立路，有快速公交3线站点，到市区方便。距离小区1.3公里(高德地图）是地铁5号线北苑路北站。【周边配套】小区东门有盒马鲜生超市，南门有渤海银行，金象大药房，空气湃体育娱乐馆。西门50（高德地图）是世茂国际幼儿园，西门200米（高德地图）是商业楼，西门有理发店，洗衣店，蔬菜超市，日日生鲜超市，理发店，洗衣店等。【小区介绍】小区是2014年由北京运达通汇文化产业有限公司开发的，小区比较新。环境绿化好，物业管理不错。分4号院和5号地两个区，人车分流，车位充足。市政集中供暖，和奥森公园北园一路之隔，整体环境不错。
85,85,整租·花家地西里一区 2室1厅 东南,朝阳-望京-花家地西里一区,2室1厅1卫,BJ1642388587087396864,"7500元/月
            (季付价)","业主自荐,新上,近地铁,集中供暖",整租,72.05㎡,东南,中楼层/18层,有,暂无数据,民水,民电,有,集中供暖,"洗衣机,空调,衣柜,电视,冰箱,热水器,床,暖气,天然气",【装修描述】房子简单装修，但是保持的比较干净，里面好多家电都是业主后期新换的，可以拎包入住。【出租原因】房子是业主多余的房产，可以稳定出租。您不用担心频繁搬家。可以稳定居住。【小区介绍】小区的环境不错，每一栋楼是整齐排列。这个院里面是花家地西里一区和二区两个小区在一起的。小区内道路还是比较宽的。绿化也不错，树木比较多。小区中间有一个小的公园，休闲娱乐，遛弯
86,86,整租·南湖渠西里 1室1厅 西,朝阳-望京-南湖渠西里,1室1厅1卫,BJ1636567501414334464,"5850元/月
            (季付价)","近地铁,精装,集中供暖",整租,34.06㎡,西,中楼层/6层,无,暂无数据,民水,民电,有,集中供暖,,【房源亮点】房子只出租过一年，保持的不错 之前是房主自住的，可以长期稳定出租【装修描述】之前自住装修，现在家具基本都配齐了，可以拎包入住，现在租户保持的不错【小区介绍】小区环境安静，生活配套齐全，门口公交很多，距离地铁也近，门口有梦秀广场
87,87,整租·三间房东路 2室1厅 西北,朝阳-定福庄-三间房东路,2室1厅1卫,BJ1637686909322919936,"4300元/月
            (季付价)","近地铁,集中供暖,随时看房",整租,48.00㎡,西北,低楼层/6层,无,暂无数据,民水,民电,有,集中供暖,,
88,88,整租·延静里中街3号院 2室1厅 南,朝阳-红庙-延静里中街3号院,2室1厅1卫,BJ1642080541643636736,"7500元/月
            (季付价)","业主自荐,新上,精装,集中供暖",整租,65.00㎡,南,中楼层/6层,无,租用车位,民水,民电,有,集中供暖,"衣柜,床",【房源亮点】此小区是纺织科学研究院单位房子，楼道干净无小广告，小区楼下有门禁，大门24小时保安看守，安全也安静。【交通出行】小区东临东四环中路，北临朝阳路，开车出行行驶三环和四环都很方便。有一号线四惠站途经大望路，国贸，天安门东，西单等站，小区北边有公交英家坟车站，有公交快2，635，488等站。小区交通四通八达，出行便利。【周边配套】公园：朝阳公园、红领巾公园，让您和孩子能够更好的亲近自然，休闲娱乐； 医院：朝阳医院、建国医院、朝阳第二医院等，就医方便； 银行：工商银行、北京银行、建设银行。
89,89,整租·罗马花园 3室2厅 南/北,朝阳-惠新西街-罗马花园,3室2厅2卫,BJ1612746382836236288,13800元/月,"近地铁,精装,集中供暖,双卫生间",整租,144.90㎡,南 北,中楼层/19层,有,暂无数据,民水,民电,有,集中供暖,"洗衣机,空调,衣柜,电视,冰箱,热水器,床,暖气,天然气",【房源亮点】东南向三居室，小区物业管理好，24小时安保，家具家电齐全，温馨舒适【交通出行】地铁；惠新西街北口5号线，惠新西街南口5，10号线，公交便利【周边配套】社区配套齐全，超市，菜市场，水果、蔬菜店，可以满足日常生活需求。工商、建设、农业、北京银行及健身、美容会所等一应俱全！
90,90,整租·金地国际花园 2室1厅 南,朝阳-CBD-金地国际花园,2室1厅2卫,BJ1628289135426928640,"22000元/月
            (季付价)","近地铁,精装,集中供暖,双卫生间,随时看房",整租,124.00㎡,南,中楼层/33层,有,租用车位,民水,民电,有,集中供暖,"洗衣机,空调,衣柜,电视,冰箱,热水器,床,暖气,宽带,天然气","【交通出行】地铁1号线和14号线，有30条公交线路，八王坟北、大望路、景辉街东口可通1路、11路、30路、57路等公交。东三环和东四环之间，可达京通快速，京哈高速，机场高速。【周边配套】繁华的CBD区域，金地广场，新世界百货，沃尔玛超市，万达影城，SKP。,华贸商业街等，银行商铺林立。往西就是国贸、中央电视台等。【小区介绍】CBD区域的高档涉外商品房社区，由五栋住宅楼和一栋会所组成。小区24小时安保和前台服务，金地格林物业，门禁入户，园林采用美国易道设计，园区定时都会清扫，有网球场、篮球场、儿童乐园。"
91,91,整租·东亚望京中心 1房间 东,朝阳-望京-东亚望京中心,1房间1卫,BJ1623958261847818240,"6500元/月
            (季付价)","近地铁,集中供暖,随时看房,非居住房屋",整租,47.96㎡,东,中楼层/34层,有,暂无数据,民水,民电,有,集中供暖,"洗衣机,空调,冰箱,热水器,床,暖气,天然气",【交通出行】门口有多条公交线路，往南是京密路，，往北走北五环，近地铁，距离14号线阜通站 150米【周边配套】周边有大型商场凯德茂，望京医院， 北京银行，工商银行，小区周边配套齐全【小区介绍】东亚望京中心是08年的小区，紧挨着广顺南大街。交通便利，紧邻地铁口，集中供暖
92,92,整租·世奥国际中心 1房间 北,朝阳-芍药居-世奥国际中心,1房间1卫,BJ1630143930907492352,"7300元/月
            (季付价)","集中供暖,非居住房屋",整租,65.20㎡,北,中楼层/25层,有,暂无数据,商水,商电,无,集中供暖,暖气,【房源亮点】房源装修比较好，适合需要办公的客户，物业管理负责，独栋管理，视野好。【交通出行】下楼走几步是育慧南路，北侧是北四环高速公路，出门下楼300米就到育慧南路公交站（据百度地图显示）【周边配套】楼下有超市，快餐店，餐馆，不远处有公交，沿街有生鲜超市，银行
93,93,整租·保利嘉园一号院 3室1厅 南/西,朝阳-常营-保利嘉园一号院,3室1厅1卫,BJ1642083408588832768,"6500元/月
            (季付价)","业主自荐,新上,精装,随时看房",整租,89.00㎡,南 西,高楼层/29层,有,暂无数据,民水,民电,有,自采暖,"洗衣机,衣柜,冰箱,热水器,床,天然气",
94,94,整租·农展南里 3室1厅 南/北,朝阳-农展馆-农展南里,3室1厅1卫,BJ1638371699764232192,"9600元/月
            (季付价)","业主自荐,近地铁,精装,集中供暖",整租,83.93㎡,南 北,高楼层/6层,无,租用车位,民水,民电,有,集中供暖,"洗衣机,空调,衣柜,电视,冰箱,热水器,床,暖气,天然气",
95,95,整租·美利山 2室1厅 西北,朝阳-百子湾-美利山,2室1厅1卫,BJ1623539321623543808,"7600元/月
            (季付价)","业主自荐,近地铁,精装,集中供暖,随时看房",整租,80.07㎡,西北,中楼层/24层,有,暂无数据,民水,民电,有,集中供暖,"洗衣机,空调,衣柜,电视,冰箱,热水器,床,暖气,宽带,天然气",【装修描述】装修好，房子保养好，用的材料都是环保的材料，木地板，简约式装修风格，家具家电都是品牌的。【交通出行】附近广渠路有地铁7号线（百子湾站），公交站 水南庄南站，可乘坐 31 路、专 71 路，有唐家村站，可乘坐23路、455路、11路、35路等公交，出行方便。【周边配套】距离东边的菜篮子菜市场非常近，靠近小区的中心花园，有永辉大超市，南磨房社区卫生服务站。小区内有各种底商，生活配套设施齐全。
96,96,整租·圣世一品 1室1厅 东,朝阳-东大桥-圣世一品,1室1厅1卫,BJ1626902314914676736,"17000元/月
            (季付价)","近地铁,精装,集中供暖",整租,81.00㎡,东,高楼层/21层,有,暂无数据,民水,民电,有,集中供暖,"洗衣机,空调,衣柜,电视,冰箱,热水器,床,暖气,天然气",
97,97,整租·棕榈泉国际公寓 3室2厅 南/西/北,朝阳-朝阳公园-棕榈泉国际公寓,3室2厅2卫,BJ1613434014612324352,"27000元/月
            (季付价)","近地铁,精装,集中供暖,双卫生间,随时看房",整租,160.00㎡,南 西 北,低楼层/23层,有,免费使用,民水,民电,有,集中供暖,"洗衣机,空调,衣柜,电视,冰箱,热水器,床,暖气,宽带,天然气",【交通出行】1、地理位置：小区位于东三环和四环之间，出北门即可上东四环。 2、公交：有30余条公交线路，出行方便。 3、地铁：从公寓西门出去200米就是14号线朝阳公园地铁站。【周边配套】1、购物：公寓靠近棕榈泉生活广场，南临朝阳区京客隆连锁超市。 2、教育：公寓内有伊顿双语幼儿园，公寓东面有禾光国际幼儿园，均为私立。 3、银行：光大银行、中国银行、农业银行。【小区介绍】小区是棕榈泉置业开发，汇俊物业，24小时安保与前台服务，保证您的安全，并为您带来方便的服务。
98,98,整租·白家庄东里 1室1厅 南,朝阳-团结湖-白家庄东里,1室1厅1卫,BJ1639234054505103360,"5500元/月
            (季付价)","近地铁,集中供暖",整租,41.53㎡,南,中楼层/4层,无,租用车位,民水,民电,有,集中供暖,"洗衣机,空调,衣柜,冰箱,热水器,床,暖气,天然气",
99,99,整租·沿海赛洛城五期 1室1厅 东/西,朝阳-百子湾-沿海赛洛城五期,1室1厅1卫,BJ1639492406036398080,"6600元/月
            (季付价)","精装,集中供暖",整租,69.61㎡,东 西,中楼层/25层,有,租用车位,民水,民电,有,集中供暖,"洗衣机,空调,衣柜,电视,冰箱,热水器,床,暖气,宽带,天然气",【交通出行】小区有公交11路，23路，35路，31路，455路，专71路等等，广渠路上有地铁7号线（百子湾站）出行方便。【周边配套】小区有建设银行，农业银行，中国银行，江苏银行，浦发银行等等，小区东边有大型市场菜篮子，百子湾路上有永辉超市【小区介绍】沿海赛洛城是由美国设计师设计的小区，是2007-2011年陆续建成的小区，小区的主要户型有南北两居，南北三居，小区的物业是万科物业，小区内有石门休闲公园。
100,100,整租·东湖湾二期 1室1厅 南,朝阳-望京-东湖湾二期,1室1厅1卫,BJ1630776409314033664,"19500元/月
            (季付价)","近地铁,精装,集中供暖",整租,100.00㎡,南,高楼层/10层,有,暂无数据,民水,民电,有,集中供暖,"洗衣机,空调,衣柜,电视,冰箱,热水器,床,暖气,宽带,天然气",【户型介绍】此房户型整体是全南向，业主在此基础上把中规中矩的户型做了改动，厨房设计成开放式的，更加宽敞入户门和客厅之间增设了一组白色的玻璃隔断，一分为二。卧室再用一组玻璃推拉门隔出一个带户型窗的小工作台。打破拘谨的户型，空间利用率更高，增加舒适度。【装修描述】此房是业主本人亲自设计，精心布置的大一居室，硬装采取的是极简的白色烤漆面板、镜面、玻璃墙，家具家电都是用心定制和挑选的。【出租原因】业主这边近期要搬到别处去住，忍痛割爱。希望找到爱惜房子的租户。【周边配套】出小区西门步行326米即可到达金湖街果蔬好生鲜超市，还有护国寺小吃、兄弟烧烤以及动物咖啡等，步行522米即可到达物美超市，步行865米可到达华彩商业中心、家乐福超市和华谊兄弟影院等，周围休闲娱乐一应俱全 。（以上数据来源高德地图）【小区介绍】东湖湾社区是由北京城建集团开发，再有四星深圳长城物业管家式服务，保安24小时轮岗，小区人车分流，建有儿童娱乐设施，超长小径，园林是香港贝尔集团花费1.2亿打造的下沉式花园，品质东湖湾，居住之选
101,101,整租·芍药居北里 1室1厅 北,朝阳-芍药居-芍药居北里,1室1厅1卫,BJ1642424551356760064,"6500元/月
            (季付价)","新上,近地铁,精装,集中供暖",整租,60.00㎡,北,中楼层/24层,有,暂无数据,民水,民电,有,集中供暖,"洗衣机,空调,衣柜,冰箱,热水器,床,暖气,宽带,天然气",
102,102,整租·朝阳无限 3室2厅 东/东南/南/西/北,朝阳-甘露园-朝阳无限,3室2厅2卫,BJ1628018186404233216,"9900元/月
            (季付价)","集中供暖,双卫生间,随时看房",整租,146.00㎡,东 东南 南 西 北,中楼层/23层,有,暂无数据,民水,民电,有,集中供暖,"衣柜,床,暖气,天然气",
103,103,整租·奥林匹克花园三期 2室1厅 南/北,朝阳-东坝-奥林匹克花园三期,2室1厅1卫,BJ1610511131661565952,"8300元/月
            (季付价)","精装,随时看房",整租,110.00㎡,南 北,中楼层/10层,有,暂无数据,民水,民电,有,自采暖,"洗衣机,空调,衣柜,电视,冰箱,热水器,床,暖气,天然气",
104,104,整租·光辉里小区 2室1厅 东南,朝阳-CBD-光辉里小区,2室1厅1卫,BJ1634431484251078656,"8000元/月
            (季付价)","近地铁,集中供暖,随时看房",整租,65.42㎡,东南,中楼层/14层,有,暂无数据,民水,民电,有,集中供暖,"洗衣机,空调,冰箱,热水器",
105,105,整租·华威西里 2室1厅 西南,朝阳-潘家园-华威西里,2室1厅1卫,BJ1618119949702660096,"5100元/月
            (季付价)","近地铁,集中供暖,随时看房",整租,57.00㎡,西南,低楼层/18层,有,暂无数据,民水,民电,有,集中供暖,"洗衣机,空调,衣柜,冰箱,热水器,床,暖气,天然气",
106,106,整租·芍药居5号院 2室1厅 南,朝阳-芍药居-芍药居5号院,2室1厅1卫,BJ1603697372397830144,"7300元/月
            (季付价)","近地铁,精装,集中供暖,随时看房",整租,60.00㎡,南,高楼层/6层,无,租用车位,民水,民电,有,集中供暖,"洗衣机,空调,衣柜,电视,冰箱,热水器,床,暖气,天然气",【户型介绍】该房朝南，该房双卧朝南，采光非常好，明厨明卫，主卧朝南带阳台。【装修描述】该房精装修，家具家电齐全，家具家电都比较新，可拎包入住，房屋保持比较好。【周边配套】房子附近有未来购物广场、华联超市、居然之家等各大商场围绕！还可以和朋友、家人到元大都遗址公园、太阳公园玩！附近有中日友好医院、中西医结合医院；附近还有北京银行、建设银行、招商银行、农业银行等各大银行！
107,107,整租·UHN国际村 4室2厅 南/北,朝阳-三元桥-UHN国际村,4室2厅2卫,BJ1629716746803871744,"37000元/月
            (季付价)","近地铁,精装,集中供暖,双卫生间,随时看房",整租,190.00㎡,南 北,中楼层/21层,有,免费使用,民水,民电,有,集中供暖,"空调,冰箱,热水器",【交通出行】小区周边交通非常方便，出小区南门500米上三环（数据来源百度地图），地铁太阳宫站700米（数据来源百度地图），地铁三元桥站1.5公里（数据来源百度地图），与机场线无缝衔接，小区门口有多条公交线路，出行方便。【周边配套】小区周边配套齐全，购物商场有凯德MALL，太阳宫广场、凤凰汇等。附近有交通银行，民生银行，北京银行等。公园有太阳宫公园。医院临近中日友好医院，望京医院等。【小区介绍】UHN国际村是2002-2008年的商品房小区，开发商茂华集团，现在的物业是金地格林物业公司，24小时安保，每栋楼都有独立门禁，独立管家，管家式服务。小区配套设施齐全，设有700米环形跑道，篮球场，网球场，健身房，游泳馆。
108,108,整租·八里庄西里 3室1厅 南/北,朝阳-四惠-八里庄西里,3室1厅1卫,BJ1642467107855663104,"6500元/月
            (季付价)","业主自荐,新上,近地铁,集中供暖",整租,69.50㎡,南 北,高楼层/6层,无,暂无数据,民水,民电,有,集中供暖,,
109,109,整租·金星园 4室2厅 南/北,朝阳-三元桥-金星园,4室2厅2卫,BJ1610869434342178816,"25000元/月
            (季付价)","精装,集中供暖,双卫生间",整租,207.78㎡,南 北,高楼层/15层,有,暂无数据,民水,民电,有,集中供暖,"洗衣机,空调,衣柜,冰箱,热水器,床,暖气,天然气",【交通出行】小区2号门门口是尚家楼路公交站（939路），距离三元桥地铁站880米（百度地图）、可换乘机场线，距离太阳宫地铁站760米（百度地图），交通出行便利【周边配套】小区周围配套设施完善，有餐饮、理发、洗衣等便利设施，也有凯德茂、比如世界等大型商业中心。小区周边有地铁10号线及多条公交线路。【小区介绍】金星园是冠城开发商在太阳新城开发的五个住宅小区的第一个，具有示范作用。小区内遍植银杏等乔灌木和桃李等应时花卉，也有小桥流水蜿蜒其间，各楼宇错落有致地掩映在花草树木中间，居住生活在此，让人感到安静、舒适、放松、惬意。
110,110,整租·后现代城A区 1室0厅 北,朝阳-大望路-后现代城A区,1室0厅1卫,BJ1629005762825027584,"6300元/月
            (季付价)","精装,集中供暖",整租,50.67㎡,北,中楼层/14层,有,暂无数据,民水,民电,有,集中供暖,"洗衣机,空调,衣柜,电视,冰箱,热水器,床,暖气,天然气",【交通出行】后现代城小区距离7号线大郊亭站约700米（来源于百度地图），距离7号线14号线换成站九龙山站约1200米（来源于百度地图），还有31路、138路、专87路、455路、657路、夜34路等公交车，小区东面临东四环，南临广渠路，出行方便【周边配套】小区东侧有物美超市，永辉超市，九龙山地铁站与合生汇购物中心地铁无缝链接，是集娱乐、餐饮、购物、教育培训为一体占地约20万平米的大型商业综合体， 有建设银行、工商银行、交通银行、浦发银行等。小区非常成熟，小到花店、宠物医院等，配套齐全。【小区介绍】后现代城小区建于2004年-2008年，小区由北京金马文化园房地产开发有限公司开发，物业公司是北京西宇嘉业，小区分A、B、C、D四个区，每个区独立管理，24小时安保系统，小区采用市政集中供暖，24小时热水入户，停车地下车位月租金600元
111,111,整租·康营家园4期D区 2室1厅 南/北,朝阳-中央别墅区-康营家园4期D区,2室1厅1卫,BJ1628999263658704896,"6000元/月
            (季付价)",精装,整租,112.00㎡,南 北,低楼层/28层,无,暂无数据,暂无数据,暂无数据,暂无数据,暂无数据,,【装修描述】开发商精装交房，制式装修，简约风格，干净整洁，适合居住，舒适度高。【交通出行】附近的公交有：专200路，857路，696路，850路，915路，远一点的有988路，快速直达专线102路。【周边配套】园区附近有金色河畔高尔夫俱乐部，南边有北京尼克劳斯俱乐部，购物可去马泉营购物中心，北京赛特奥莱。
112,112,整租·阳光上东 2室1厅 东/南/西,朝阳-酒仙桥-阳光上东,2室1厅2卫,BJ1628970507422400512,"25000元/月
            (季付价)","近地铁,精装,集中供暖,双卫生间",整租,143.46㎡,东 南 西,高楼层/7层,有,暂无数据,民水,民电,有,集中供暖,"洗衣机,空调,衣柜,电视,冰箱,热水器,床,暖气,宽带,天然气",【交通出行】小区出门上四环，走京密高速去机场交通便利。小区周边有地铁14号线，可转15号线、6号线、1号线、7号线等。距将台站800m，距东风北桥地铁站1000m。公交516芳园南里站，距离小区466米，有401、402、973等公交线【周边配套】1，周边有有大型娱乐购物商场，如颐堤港、蓝色港湾等。 2、医疗有华信医院（三级甲等医院），和睦家医院，美中宜和医院等 。3、教育有可儿幼儿园，3E幼儿园等。4、临东四环北路及将台地铁站。5、有朝阳公园、四得公园、丽都公园【小区介绍】本小区属于阳光上东的C区，由来自6个国家7个设计的建筑公司设计建筑，形成6个不同的国家不同风格的建筑形态，并以建筑师的国籍命名，整个小区以10层的板楼为主，而各栋楼相应组成围合式的组团，多元化的建筑风格在京城乃至中国都极为罕见。绿化面积大
113,113,整租·丽港美度 2室2厅 南/北,朝阳-望京-丽港美度,2室2厅2卫,BJ1628976655118630912,"9600元/月
            (季付价)","精装,集中供暖,双卫生间,随时看房",整租,102.00㎡,南 北,高楼层/6层,无,暂无数据,民水,民电,有,集中供暖,"洗衣机,空调,衣柜,电视,冰箱,热水器,床,暖气",【房源亮点】丽港美度这套房子是正南正北的两居室，南北通透户型，大客厅，客厅带大阳台，两间卧室都带飘窗，居住很舒服。【交通出行】小区门口就有南湖西里公交车站，步行1000米就是望京西公交车站，出行便利。【周边配套】丽港美度小区挨着望京西路，离梦秀商场，永辉超市很近；小区里就有丰巢和电动车充电桩，生活便利。
114,114,整租·10AM新坐标 2室1厅 南/西,朝阳-方庄-10AM新坐标,2室1厅1卫,BJ1628789256191213568,"7500元/月
            (季付价)","近地铁,精装,集中供暖",整租,70.00㎡,南 西,高楼层/30层,有,暂无数据,民水,民电,有,集中供暖,"洗衣机,空调,衣柜,电视,冰箱,热水器,床,暖气,天然气",【交通出行】地铁：14号线方庄站464米左右，上接5号线蒲黄榆站，下连10号线十里河站，去东单和国贸都比较方便。（距离来自高德地图 ） 公交：左安门外公交站500米左右，有122路，51路，684路，特12内环，特12外环等。（距离来自高德地图）【周边配套】超市：京东便利店，物美超市，家乐福超市。 公园：龙潭湖公园，方庄体育公园。 商场：新业广场和新城广场。【小区介绍】新坐标小区建于2005年，相比于周边小区，房龄较年轻。小区以小户型为主，面积从27平得星河开间到112平的上下两层复式
115,115,整租·瞰都国际 1室0厅 东北,朝阳-朝阳公园-瞰都国际,1室0厅1卫,BJ1628788967929282560,"7000元/月
            (季付价)","精装,集中供暖,随时看房",整租,47.68㎡,东北,中楼层/25层,有,租用车位,民水,民电,有,集中供暖,"洗衣机,空调,衣柜,电视,冰箱,床,暖气,天然气",【交通出行】瞰都国际小区旁就是地铁14号线东风北桥站305米（此数据来自高德地图)，门口有20多趟公交，出门即可上东四环，交通便利。【周边配套】瞰都国际小区地处朝阳公园旁；久隆百货750米，颐堤港1100米，蓝色港湾1500米（以上距离来自高德地图）生活方便。【小区介绍】瞰都国际小区在四环边上，2005年到2008年的商品房社区，共6栋楼，集中供暖，24小时安保，24小时热水，车位充足。小区里面自带游泳馆及网球场，还有儿童乐园；小区里面有三个小型超市，两个餐厅。
116,116,整租·瞰都国际 1室0厅 东,朝阳-朝阳公园-瞰都国际,1室0厅1卫,BJ1628760583727742976,"7700元/月
            (季付价)","近地铁,精装,集中供暖,随时看房",整租,60.00㎡,东,中楼层/27层,有,租用车位,民水,民电,有,集中供暖,"洗衣机,空调,衣柜,电视,冰箱,热水器,床,暖气,宽带,天然气",
117,117,整租·美景东方 1室1厅 南,朝阳-华威桥-美景东方,1室1厅1卫,BJ1628757113914261504,"6000元/月
            (季付价)","近地铁,集中供暖",整租,55.00㎡,南,中楼层/22层,有,暂无数据,民水,民电,有,集中供暖,"洗衣机,空调,电视,冰箱,热水器,床,暖气,天然气",【房源亮点】本房源是一期房源，正规南向的一居室。家具家电基本齐全，高楼层安静视野好不临街。【出租原因】本房是业主的多余房产，现租户即将到期，意欲继续租给有需求的客户，可长租。【小区介绍】小区是02-12年的商品房社区，有门禁管理，楼道有专人保洁，共有12栋楼，四个小花园加一个下沉式花园，环境宜居。
118,118,整租·华严北里小区 1室1厅 东南,朝阳-健翔桥-华严北里小区,1室1厅1卫,BJ1628740338824773632,"5800元/月
            (季付价)","精装,集中供暖,随时看房",整租,47.43㎡,东南,中楼层/6层,无,暂无数据,民水,民电,有,集中供暖,"洗衣机,空调,衣柜,电视,冰箱,热水器,床,暖气,宽带,天然气",
119,119,整租·华纺星海家园 1室1厅 西,朝阳-东坝-华纺星海家园,1室1厅1卫,BJ1628712848156786688,"4166元/月
            (季付价)",随时看房,整租,52.05㎡,西,中楼层/28层,有,暂无数据,民水,民电,有,自采暖,"洗衣机,空调,衣柜,床,暖气",
